{
	"HEADER_MESSAGE_LOGIN":"Connexion",
	"FORGOTPASSWORD":"Mot de passe oublié",
	"INVALID_USER":"L'utilisateur n'existe pas!",
	"INVALID_PASSWORD":"Mot de passe incorrect!",
	"INVALID_EMAIL":"Email invalide!",
	"INTERNETERROR":"Erreur de serveur, vérifiez votre connexion Internet.",
	"EMAILPASSWORDSENT":"Mot de passe réinitialisé avec succès, vérifiez votre email pour votre mot de passe temporaire!",
	"ENTEREMAIL":"Entrez votre adresse email:",
	"CANCERCENTER":"Centre du cancer des Cèdres",
	"RESETPASSWORD":"Réinitialiser le mot de Passe",
	"LOADING":"Chargement",
	"NEWPASSWORD":"Créer mot de passe",
	"SETPASSWORDLABEL":"Nouveau mot de passe",
	"SETPASSWORDBUTTON":"Créer mot de passe",
	"SETPASSWORDPLACEHOLDER":"Créer mot de passe...",
	"BACKTOLOGIN":"Page de connexion",
	"ENTERSSNLABEL":"Entrer votre numéro de sécurité sociale:",
	"ENTERSSNPLACEHOLDER":"Numéro de sécurité sociale...",
	"CONTINUE":"Continuer",
	"SECURITYQUESTION":"Question de sécurité",
	"ENTERANSWERPLACEHOLDER":"Entrer votre réponse...",
	"ERRORENTERSSNNUMBER":"Entrer un numéro de sécurité sociale!",
	"ERRORENTERVALIDSSN":"Entrer un numéro de sécurité sociale valide!",
	"ERRORINCORRECTSSN":"Le numéro de sécurité sociale saisi ne correspond pas à celui de nos fichiers, merci de réessayer",
	"ENTERANANSWER":"Entrer une réponse",
	"ERRORANSWERNOTMATCH":"Votre réponse ne correspond pas à celle de nos fichiers.",
	"CONTACTHOSPITAL":"Contacter l'hôpital pour être assisté",
	"ENTERVALIDPASSWORD":"Entrer un mot de passe valide",
	"SERVERPROBLEM":"Problème de serveur, contactez l'hôpital.",
	"PASSWORDSUCCESSRESET":"Votre mot de passe a été changé avec succès, redirection vers la page de connexion.",
	"LOADINGDATA":"Chargement...",
	"OPALPROBLEMSUBJECT":"Trouvé un bug / problème en utilisant OPAL",
	"REPORTISSUES":"Questions Rapport",
	"SETTINGS":"Réglages",
	"PARKING":"Stationnement",
	"HOSPITALPARKING":"Stationnement",
	"ONCOLOGYPARKING":"Stationnement Radiothérapie",
	"PARKINGINFORMATION":"Informations Sur Le Stationnement",
	"CLOSE":"Fermer",
	"BACK":"Retour",
	"ABOUT":"Sur",
	"SENDFEEDBACK":"Envoyer Des Commentaires",
	"RATETHISAPP":"Évaluer l'application",
	"OPENDEVICESETTINGS":"Paramètres de l'appareil Ouvert",
	"TERMSOFUSE":"Conditions d'utilisation",
	"PRIVACYPOLICY":"Politique De Confidentialité",
	"APPVERSION":"App Version",
	"LANGUAGE":"Langage",
	"SECUREYOURDEVICE":"Sécuriser Votre Appareil"

}
