{
  "HOME":"Home",
  "MYCHART":"My Chart",
  "GENERAL":"General",
  "EDUCATION":"Education",
  "SETTINGS":"Settings",
  "HOME_DESCRIPTION":"In your home tab you will be provided with news about your medical status, documents, hospital announcements and appointments.",
  "MYCHART_DESCRIPTION":"The my chart tab contains all the information regarding your electronic health data.",
  "GENERAL_DESCRIPTION":"In your general tab you will find useful information to facilitate your hospital visit.",
  "EDUCATION_DESCRIPTION":"In your education tab you will find educational material specific to you treatment and general to radiation oncology."

}
