{
	"_COMMENT4":"My chart Page",
	"APPOINTMENTS":"Appointments",
	"MYCHART":"My Chart",
	"TREATMENTPLANNING":"Treatment Planning",
	"MYDOCUMENTS":"My Documents",
	"TREATINGTEAMNOTIFICATIONS":"Treating Team Notifications",
	"QUESTIONNAIRES":"Questionnaires",
	"UPCOMINGAPPOINTMENT":"Upcoming Appointment",
	"NOAPPOINTMENTS":"No appointments",
	"LASTAPPOINTMENT":"Last Appointment",
	"TEAMMESSAGES":"Team Messages",
	"PATIENTDOCUMENTS":"Patient Documents",
	"DOCUMENT":"Document",
	"SHAREVIAEMAIL":"Share via e-mail",
	"PRINTDOCUMENT":"Print Document",
	"STAGE":"Stage",
	"STAGEOF":"Stage {{index}} of {{total}}",
	"PENDING":"Pending",
	"STAGECOMPLETED":"Stage Completed",
	"TREATMENTSTAGE":"Treatment Stage",
	"INPROGRESS":"In progress",
	"_COMMENT3":"Treatment Planning Page",
	"STATUS":"Status",
	"TABLEOFCONTENTS":"Table of Contents",
	"QUESTIONNAIRETOCOMPLETE":"Your treating team has sent you a questionnaire to complete while waiting for your appointment",
	"NOTEAMMESSAGES":"No treatment team messages",
	"NOPATIENTDOCUMENTSAVAILABLE":"No patient documents available",
	"UNREAD":"Unread",
	"DEAR":"Dear",
	"_COMMENT":"Individual Page and Main Appointment Page",
	"OPTIONS":"Options",
	"APPOINTMENT":"Appointment",
	"CHECKIN":"Check-in",
	"ESTIMATEDWAIT":"Estimated Wait",
	"MINUTES":"Minutes",
	"LOCATION":"Location",
	"_COMMENT2":"Options page appointment",
	"PAST":"Past",
	"TODAY":"Today",
	"FUTURE":"Future",
	"LABELS":"Labels",
	"PHONECALENDARACCESS":"Phone Calendar Access",
	"EDUCATION":"Education",
	"NOEDUCATIONALMATERIAL":"No educational material",
	"GENERAL":"General",
	"NOTIFICATIONS":"Notifications",
	"NONOTIFICATIONS":"No notifications",
	"GENERALANNOUNCEMENTS":"General Announcements",
	"PARKING":"Parking",
	"CONTACTS":"Contacts",
	"PRIMARYDOCTOR":"Primary Doctor",
	"ONCOLOGIST":"Oncologist",
	"OTHER":"Other",
	"DOCTOR":"Doctor",
	"NOANNOUNCEMENTS":"No announcements",
	"AVAILABLESOON":"Available Soon",
	"HEADER_MESSAGE_HOME":"Home",
	"PATIENTID":"Patient ID:",
	"OVERVIEW":"Overview",
	"CHECKIN_MESSAGE_BEFORE":"Check-in to your appointment",
	"CHECKIN_MESSAGE_AFTER":"You are checked in!",
	"NOPLANNING":"No treatment plan available",
	"PLANNING":"Radiotherapy treatment planning",
	"INTREATMENT":"In Treatment",
	"NEXTAPPOINTMENT":"Next Appointment",
	"NEWS":"News",
	"PERSONAL":"Personal",
	"ALIAS":"Alias",
	"EMAIL":"Email",
	"PASSWORD":"Password",
	"PHONENUMBER":"Phone Number",
	"PREFERENCES":"Preferences",
	"LANGUAGE":"Language",
	"FONTSIZE":"Font size",
	"ENABLESMS":"Enable SMS",
	"CALENDARACCESS":"Calendar Access",
	"SIGNOUT":"Sign out",
	"ENTERNEW":"Enter new",
	"UPDATE":"Update",
	"HASBEENUPDATED":"has been updated",
	"ENTERYOURALIAS":"Enter your new alias",
	"ENTERYOURLASTNAME":"Enter your new last name",
	"ENABLESMSNOTIFICATIONQUESTION":"Would you like to enable your SMS messaging notifications?",
	"DISABLESMSNOTIFICATIONQUESTION":"Would you like to disable your SMS messaging notifications?",
	"ENABLECALENDARACCESSQUESTION":"Would you like save your appointment schedule in your phone calendar?",
	"DISABLECALENDARACCESSQUESTION":"Would you like to saving your appointments to your phone calendar?",
	"CONFIRMALERTCALENDARLABEL":"Calendar Setting",
	"CONFIRMALERTSMSLABEL":"SMS settings",
	"CANCEL":"Cancel",
	"ENTERNEWTELEPHONE":"Enter your new telephone number:",
	"ENTERPASSWORD":"Enter your Password",
	"ENTEREMAILADDRESS":"Enter your new email address:",
	"ENTEROLDPASSWORD":"Enter your old password",
	"ENTERNEWPASSWORD":"Enter your new password:",
	"SELECTFONTSIZE":"Select font size",
	"ENTEROLD":"Enter old ",
	"SELECTLANGUAGE":"Select language",
	"BACK":"Back",
	"LOADINGDATA":"Loading Data",
	"RELEASETOREFRESH":"Release to refresh",
	"PULLDOWNTOREFRESH":"Pull down to refresh",
	"HOME":"Home",
	"SETTINGS":"Settings",
	"HOME_DESCRIPTION":"In your home tab you will be provided with news about your medical status, documents, hospital announcements and appointments.",
	"MYCHART_DESCRIPTION":"The my chart tab contains all the information regarding your electronic health data.",
	"GENERAL_DESCRIPTION":"In your general tab you will find useful information to facilitate your hospital visit.",
	"EDUCATION_DESCRIPTION":"In your education tab you will find educational material specific to you treatment and general to radiation oncology.",
	"NOTREATMENTPLAN":"No treatment plan available",
	"NOGENERALANNOUNCEMENTS":"No general annoucements",
	"STEP":"Step",
	"INFO":"Information",
	"UPCOMING":"Upcoming",
	"TREATMENTENDS":"Treatment Ends",
	"STARTTREATMENT":"Starting Treatment",
	"ESTIMATED":"Estimated",
	"TREATMENTPLANCOMPLETEDON":"Completed On",
	"COMPLETED":"Completed",
	"NOINTERNETCONNECTION":"No internet connection",
	"CONNECTED":"Connected",
	"NEWNOTIFICATIONS":"New Notifications",
	"NOPDFPROBLEM":"Install a program that opens PDF files in order to view your documents",
	"NOCONTACTSAVAILABLE":"No contacts available",
	"THANKYOUFORFEEDBACK":"Thank you for your feedback!",
	"RATETHISMATERIAL":"Rate this educational material!",
	"SUBMIT":"Submit"
	

	
	
}