{
	"_COMMENT4":"Ma page de documents",
	"APPOINTMENTS":"Rendez-vous",
	"MYCHART":"Données",
	"TREATMENTPLANNING":"Planification de traitement",
	"MYDOCUMENTS":"Mes Documents",
	"TREATINGTEAMNOTIFICATIONS":"Notifications de l'équipe de traitement",
	"QUESTIONNAIRES":"Questionnaires",
	"TEAMMESSAGES":"Messages d'équipe",
	"PATIENTDOCUMENTS":"Documents de patient",
	"DOCUMENT":"Document",
	"SHAREVIAEMAIL":"Partager via courriel",
	"PRINTDOCUMENT":"Imprimer le document",
	"STAGE":"Étape",
	"_COMMENT3":"Page de planification de traitement",
	"STATUS":"Statut",
	"QUESTIONNAIRETOCOMPLETE":"Votre équipe de traitement vous a envoyé un questionnaire à remplir pendant que vous attendez votre prochain rendez-vous",
	"NOTEAMMESSAGES":"Pas de messages de l'équipe de traitement",
	"NOPATIENTDOCUMENTSAVAILABLE":"Pas de documents de patient disponibles",
	"UNREAD":"Non-lus",
	"DEAR":"Cher/Chère",
	"_COMMENT":"Page individuelle et page principale de rendez-vous",
	"OPTIONS":"Options",
	"APPOINTMENT":"Rendez-vous",
	"CHECKIN":"Enregistrement",
	"ESTIMATEDWAIT":"Attente estimé",
	"MINUTES":"Minutes",
	"LOCATION":"Localisation",
	"_COMMENT2":"Options page appointment",
	"PAST":"Passé",
	"TODAY":"Aujourd'hui",
	"FUTURE":"Avenir",
	"LABELS":"Étiquettes",
	"PHONECALENDARACCESS":"Accès au bottin téléphonique",
	"EDUCATION":"Éducation",
	"NOEDUCATIONALMATERIAL":"Pas de matériel éducatif",
	"GENERAL":"Général",
	"NOTIFICATIONS":"Notifications",
	"NONOTIFICATIONS":"Aucune notification",
	"GENERALANNOUNCEMENTS":"Annonces générales",
	"PARKING":"Stationnement",
	"CONTACTS":"Contacts",
	"PRIMARYDOCTOR":"Docteur principal",
	"ONCOLOGIST":"Oncologiste",
	"OTHER":"Autre",
	"DOCTOR":"Docteur",
	"NOANNOUNCEMENTS":"Pas d'annonces",
	"AVAILABLESOON":"Disponible bientôt",
	"HEADER_MESSAGE_HOME":"Accueil",
	"PATIENTID":"Identifiant Patient:",
	"OVERVIEW":"Aperçu",
	"CHECKIN_MESSAGE_BEFORE":"Arrivée à votre rendez-vous",
	"CHECKIN_MESSAGE_AFTER":"Vous êtes enregistré!",
	"NOPLANNING":"Aucun plan de traitement disponible",
	"PLANNING":"Planification du Traitement de Radiothérapie",
	"INTREATMENT":"Traitement",
	"NEXTAPPOINTMENT":"Prochain rendez-vous",
	"NOAPPOINTMENTS":"Sans rendez-vous",
	"NEWS":"Actualité", 
	"HEADER_MESSAGE_LOGIN":"Connexion",
	"FORGOTPASSWORD":"Mot de passe oublié",
	"INVALID_USER":"L'utilisateur n'existe pas",
	"INVALID_PASSWORD":"Mot de passe invalide",
	"INVALID_EMAIL":"Courriel invalide",
	"INTERNETERROR":"Erreur de serveur, vérifiez votre connexion Internet.",
	"EMAILPASSWORDSENT":"Mot de passe réinitialisé avec succès, vérifiez votre courriel pour votre mot de passe temporaire",
	"ENTEREMAIL":"Entrez votre adresse email:",
	"CANCERCENTER":"Centre du cancer des Cèdres",
	"RESETPASSWORD":"Réinitialiser le mot de passe",
	"LOADING":"Chargement",
	"NEWPASSWORD":"Créer un mot de passe",
	"SETPASSWORDLABEL":"Nouveau mot de passe",
	"SETPASSWORDBUTTON":"Créer un mot de passe",
	"SETPASSWORDPLACEHOLDER":"Créer un mot de passe...",
	"BACKTOLOGIN":"Page de connexion",
	"ENTERSSNLABEL":"Entrer votre numéro de sécurité sociale:",
	"ENTERSSNPLACEHOLDER":"Numéro de sécurité sociale...",
	"CONTINUE":"Continuer",
	"SECURITYQUESTION":"Question de sécurité",
	"ENTERANSWERPLACEHOLDER":"Entrez votre réponse...",
	"ERRORENTERSSNNUMBER":"Entrez un numéro de sécurité sociale",
	"ERRORENTERVALIDSSN":"Entrez un numéro de sécurité sociale valide",
	"ERRORINCORRECTSSN":"Le numéro de sécurité sociale saisi ne correspond pas à celui de nos dossiers, merci de réessayer",
	"ENTERANANSWER":"Entrer une réponse",
	"ERRORANSWERNOTMATCH":"Votre réponse ne correspond pas à celle dans nos dossiers.",
	"CONTACTHOSPITAL":"Contactez l'hôpital pour assistance",
	"ENTERVALIDPASSWORD":"Entrer un mot de passe valide",
	"SERVERPROBLEM":"Problème de serveur, contactez l'hôpital.",
	"PASSWORDSUCCESSRESET":"Votre mot de passe a été changé avec succès, redirection vers la page de connexion.",
	"PERSONAL":"Personnel",
  	"ALIAS":"Pseudonyme",
  	"EMAIL":"Email",
  	"PASSWORD":"Mot de passe",
  	"PHONENUMBER":"Numéro de téléphone",
  	"PREFERENCES":"Préférences",
  	"LANGUAGE":"Language",
  	"FONTSIZE":"Taille de police",
  	"ENABLESMS":"Activer les SMS",
  	"CALENDARACCESS":"Accès à l'agenda",
  	"SIGNOUT":"Se déconnecter",
  	"ENTERNEW":"Entrez nouveau",
  	"UPDATE":"Mettre à jour",
  	"HASBEENUPDATED":"a été mise à jour",
  	"ENTERYOURALIAS":"Entrez votre nouveau pseudonyme",
  	"ENTERYOURLASTNAME":"Entrez votre nouveau nom de famille",
  	"ENABLESMSNOTIFICATIONQUESTION":"Souhaitez-vous activer les notifications par sms?",
  	"DISABLESMSNOTIFICATIONQUESTION":"Souhaitez-vous désactiver les notifications par sms?",
  	"ENABLECALENDARACCESSQUESTION":"Souhaitez-vous sauvegarder votre agenda de rendez-vous dans le calendrier de votre téléphone?",
  	"DISABLECALENDARACCESSQUESTION":"Souhaitez-vous sauvegarder vos rendez-vous dans le calendrier de votre téléphone?",
  	"CONFIRMALERTCALENDARLABEL":"Réglages de l'agenda",
  	"CONFIRMALERTSMSLABEL":"Réglages des SMS",
  	"CANCEL":"Annuler",
  	"ENTERNEWTELEPHONE":"Entrez votre numéro de téléphone:",
  	"ENTERPASSWORD":"Entrez votre mot de passe:",
  	"ENTEREMAILADDRESS":"Entrez votre addresse email:",
 	"ENTEROLDPASSWORD":"Entrez votre ancien mot de passe:",
 	"ENTERNEWPASSWORD":"Entrez votre nouveau mot de passe",
  	"SELECTFONTSIZE":"Choisissez une taille de police",
  	"ENTEROLD":"Entrez l’ancien",
	"SELECTLANGUAGE":"Sélectionner la langue",
	"BACK":"Retour",
	"STARTTREATMENT":"Traitement de départ",
	"LOADINGDATA":"Chargement des données",
	"RELEASETOREFRESH":"Relâcher pour rafraichîr la page",
	"PULLDOWNTOREFRESH":"Tirer pour rafraichîr la page",
	"PENDING":"En attente",
	"STAGECOMPLETED":"Étape complétée",
	"TREATMENTSTAGE":"Étape du traitement",
	"HOME":"Accueil",
  	"SETTINGS":"Réglages",
  	"HOME_DESCRIPTION":"Dans l'onglet d'Accueil, vous pourrez accéder à l'actualité concernant votre statut médical, vos documents, les annonces de l'hôpital et vos rendez-vous.",
  	"MYCHART_DESCRIPTION":"L'onglet 'Mes documents' contient toutes les données éléctroniques concernant votre santé.",
  	"GENERAL_DESCRIPTION":"Dans l'onglet Général, vous trouverez des renseignements utiles pour faciliter votre visite à l'hôpital.",
  	"EDUCATION_DESCRIPTION":"Dans l'onglet Éducation, vous trouverez des informations spécifiques sur votre traitement et des informations générales sur la radiothérapie oncologique.",
	"LASTAPPOINTMENT":"Dernier rendez-vous",
	"UPCOMINGAPPOINTMENT":"Prochain rendez-vous",
	"STAGEOF":"Étape {{index}} sur 6",
	"NOTREATMENTPLAN":"Pas de plan de traitement disponible",
	"STEP":"Étape",
	"TREATMENTPLANCOMPLETEDON":"Plan de traitement complété",
	"UPCOMING":"À venir",
	"INFO":"Information",
	"INPROGRESS":"En progrès",
	"COMPLETED":"Complété",
	"ESTIMATED":"Estimé",
	"TREATMENTENDS":"La fin du traitement",
	"NOGENERALANNOUNCEMENTS":"Pas d’annonces générales",
	"TABLEOFCONTENTS":"Table des matières",
	"NOINTERNETCONNECTION":"Pas de connexion Internet",
	"CONNECTED":"Connecté",
	"NEWNOTIFICATIONS":"Nouvelle Notifications",
	"NOPDFPROBLEM":"Installez un programme qui ouvre les fichiers PDF afin de visualiser vos documents",
	"NOCONTACTSAVAILABLE":"Pas de contacts disponibles",
	"HOSPITALPARKING":"Stationnement",
	"ONCOLOGYPARKING":"Stationnement Radiothérapie",
	"PARKINGINFORMATION":"Informations Sur Le Stationnement",
	"CLOSE":"Fermer",
	
	"THANKYOUFORFEEDBACK":"Merci Pour Votre Avis!",
	"RATETHISMATERIAL":"Noter ce matériel pédagogique!",
	"SUBMIT":"Soumettre"

}